{
  "best_value": 0.9194838881492615,
  "best_params": {
    "iseed": 5,
    "preproc": "raw",
    "nhid1": 752,
    "nhid2": 800,
    "nhid3": 64,
    "squash": "tanh",
    "dist1": "normal",
    "scale_heur1": "old",
    "scale_mult1": 1.9183537124777947,
    "lr": 0.2698311338460708,
    "lr_anneal_start": 3416,
    "batch_size": 100,
    "l2_penalty_choice": "zero"
  },
  "avg_fit_criteria": 0.002281379699707031,
  "ed_cl1_mean": 0.0011513233184814453,
  "ed_cl2_mean": 0.005562019348144531,
  "ed_cl3_mean": 0.0001307964324951172
}