{
  "best_value": 0.9757903456687927,
  "best_params": {
    "iseed": 8,
    "preproc": "raw",
    "nhid1": 304,
    "nhid2": 784,
    "nhid3": 544,
    "squash": "tanh",
    "dist1": "uniform",
    "scale_heur1": "Glorot",
    "lr": 0.19005747737674708,
    "lr_anneal_start": 6442,
    "batch_size": 20,
    "l2_penalty_choice": "nz",
    "l2_penalty_nz": 0.00035347745037478753
  },
  "avg_fit_criteria": 0.03176289399464925,
  "ed_cl1_mean": 0.042171049118041995,
  "ed_cl2_mean": 0.011342334747314452,
  "ed_cl3_mean": 0.041775298118591306
}