{
  "best_value": 0.9696774482727051,
  "best_params": {
    "iseed": 6,
    "preproc": "pca",
    "pca_energy": 0.5043995553501397,
    "nhid1": 704,
    "nhid2": 176,
    "nhid3": 352,
    "squash": "tanh",
    "dist1": "normal",
    "scale_heur1": "Glorot",
    "lr": 0.3044525615065604,
    "lr_anneal_start": 204,
    "batch_size": 20,
    "l2_penalty_choice": "zero"
  },
  "avg_fit_criteria": 0.007924556732177734,
  "ed_cl1_mean": 0.008503961563110351,
  "ed_cl2_mean": 0.006157803535461426,
  "ed_cl3_mean": 0.009111905097961425
}