Distribution,EnergyDistance,MMD_RBF,Mardia_skew2,Mardia_excess2,Mardia_combined,Wasserstein2
Gaussian,-0.0002708246046780882,0.0,0.0001285796528434541,0.008452967984928717,0.008581547637772172,0.03642071698360997
t(df=3),0.0075587374032526355,0.00587011881302979,33.762499095019955,269141.2368346492,269174.99933374417,2.0591071404727597
Laplace(var=1),0.011870033024415028,0.0,3.199559279991902e-05,11.552001875284331,11.55203387087713,0.49601480004688264
Gaussian Mixture,0.02455525311894169,0.018804726087990886,0.0034967247902239016,1.7273557402179143,1.7308524650081383,0.3200288070079238
Skewed (Exp-1),0.07773321035921277,0.008969913372266047,3.707971046270009,23.548447333098203,27.256418379368213,0.8356320516683524
