{
  "best_value": 0.48894999623298646,
  "best_params": {
    "iseed": 6,
    "preproc": "colnorm",
    "colnorm_thresh": 0.0007163442605679209,
    "nhid1": 768,
    "nhid2": 896,
    "nhid3": 448,
    "squash": "tanh",
    "dist1": "uniform",
    "scale_heur1": "old",
    "scale_mult1": 0.5910531481289658,
    "lr": 0.2519651558425509,
    "lr_anneal_start": 6935,
    "batch_size": 100,
    "l2_penalty_choice": "zero"
  },
  "avg_fit_criteria": 0.002561489741007487,
  "ed_cl1_mean": 2.1982192993164063e-05,
  "ed_cl2_mean": 0.001836109161376953,
  "ed_cl3_mean": 0.005826377868652343
}