{
  "best_value": 0.236516664425532,
  "best_params": {
    "iseed": 6,
    "nhid1": 640,
    "nhid2": 272,
    "nhid3": 832,
    "squash": "tanh",
    "dist1": "normal",
    "scale_heur1": "old",
    "scale_mult1": 0.50438191405769,
    "lr": 0.18205624505890625,
    "lr_anneal_start": 6579,
    "batch_size": 100,
    "l2_penalty_choice": "nz",
    "l2_penalty_nz": 1.0224729613848469e-07
  },
  "avg_fit_criteria": 0.00020129150814480253,
  "ed_cl1_mean": 0.0002970298131306966,
  "ed_cl2_mean": 0.00021354357401529947,
  "ed_cl3_mean": 9.330113728841145e-05
}