{
  "best_value": 0.8318387508392334,
  "best_params": {
    "iseed": 5,
    "preproc": "pca",
    "pca_energy": 0.8360361547567354,
    "nhid1": 656,
    "nhid2": 768,
    "nhid3": 480,
    "squash": "tanh",
    "dist1": "uniform",
    "scale_heur1": "old",
    "scale_mult1": 0.34952059690438664,
    "lr": 0.3881631908547999,
    "lr_anneal_start": 550,
    "batch_size": 100,
    "l2_penalty_choice": "zero"
  },
  "avg_fit_criteria": 0.006621146202087403,
  "ed_cl1_mean": 0.005297541618347168,
  "ed_cl2_mean": 0.007555675506591797,
  "ed_cl3_mean": 0.007010221481323242
}