{
  "best_value": 0.6709501147270203,
  "best_params": {
    "iseed": 8,
    "nhid1": 1024,
    "nhid2": 480,
    "nhid3": 592,
    "ncode": 464,
    "squash": "tanh",
    "dist1": "uniform",
    "scale_heur1": "old",
    "scale_mult1": 0.3383535171692128,
    "lr": 0.5469440389712815,
    "lr_anneal_start": 1472,
    "batch_size": 256,
    "l2_penalty_choice": "zero"
  },
  "val_recon_loss_mean": 0.6709501147270203,
  "val_recon_loss_std": 0.001310585742902424,
  "ed_overall_mean": 0.010536596888587588,
  "ed_cl1_mean": 0.011961658795674643,
  "ed_cl2_mean": 0.010776201883951822,
  "ed_cl3_mean": 0.011074980099995932,
  "ed_cl4_mean": 0.01182099183400472,
  "ed_cl5_mean": 0.010454495747884115,
  "ed_cl6_mean": 0.009405732154846191,
  "ed_cl7_mean": 0.008262117703755697
}